sequence,label
SMAAKKKK,1
MIIMHMPFFSSLFVLFYFNSVSSIPIDNGVEGEPEIECGPTSLTINFNTRNTFEGHVYVK,0
GFYPEEEL,1
DATVLV,0
LFFGFTAA,1
LKSLIKEMLSPRVSYQQLALVFLLALAICYAIPFSKYDPFLMSGKDIYPRADFTVVVAVAVKRESDPLLMGKKSDKDHCQDVVGLFTTSKDGTICLVL,0
SETTVKPPSLSSITSTASQDGSLLEIDDVQRCSPRFTVALMDKDLQQNDEFTAHVVISAESSPCEFIWMLNGRDIRTIPGFRVTSTFHESTLHIKSALSKHSGELSVIASNKYGTAK,0
RVRHTGIS,1
LGEDDDSFISFICDSLPQEAKRKAEEREMKKAEVRKRLEEAGKKKAKKGFLTPERKKKLRKLLMMKAAEDL,0
MQA,0
TGNAGSRLACAVIGIAAVSMSSNPVAKRQPNIYFLIFSITVGILHAADPKPNQFSVVIERHFPCSFS,0
QGDKKKPA,1
CTACGGAG,1
SLNPNFVKLIAWYDNEYGYSN,0
FAAGTAAG,1
KERKIVKVENDMKDMKEITFSSTKTSFIDDDKKQTEDIDDVCPSTSNDVKLTDETAHKVKSKQIDQEIFYTESAKTEDVKKLEVKVSEKMVVSNMTATNSNVTSCVPPSCFPSTSADPSALNPSSVMQQMARLASSSA,0
QRDGGNIIVIKVRAKSQLEMTAEWFKDDKPLKTTDRIKTVAKKDDKDKEGFQFLLEIHGPVKEDQAKYKCVVKNREGQNEQSLNLCFDEMIFCYIIVLLGIATFSVNAGVIGSIQGVTVTGRLACGTKSVRDVEVQL,0
EKIYHRNAGTIEEIHVLESSGRTTRNFAEEHWSSKIKSYVMPQPPKFIQVIKAFRVLATDTLTLVVEVQSDPPAIFEWFCNDKPVQQNRQKFKARHGINITTLTVEGPEQGVYKCTARNPVGISTTYGYVTVNAPPSYKTWLEQTHEVNEEMSMEINDKENIEAVTDTPPKFIQQIPNLTLRPGTEAVIDVEVEASPPAKFTWYVNGVQFRDTIGQIEVYYPMANRCIARFPFPQKGEYKVIAENRAGKEHSIGYIDVKKEVMYHQTQLPPLPSDHIYHHTS,0
YQRELTYR,1
TEAS,0
APSVVPPA,1
MILFFSLICSLNSPPGYAQPSVTNLTRDGSMDEAQADFALDL,0
AAIDNMNDSELFGRTIRCNFARPPKANERSQRPVWADDEWLKTVLLGCRFHEFIWELGLESGRIVIELRSDIVPKTAENFRQ,0
TERSLFVIDDFRAVEMDQLSARFSGSVEEYFTISTAFNTQSELNAALATLLIKAPKIVEKTNRLFSDTTVSVLLEYQCHVSREFCADTIFLTSQMNACMANFRVSTCENLYAIASSEIQSQENNASITLLMRAPTIFERSIIFSDDLVQKTAEIQSQIERSLEVEKELFTARKDTLIKNIKSAQFNEKDIIVMIEERPKKEISEIILLSPLPALIQKFSRSFSDAVVNLTTELYMESFDFHADHNIQIGRTHALQMHLKASKEENISLVARFYIQDEIEKIMATLPMRAPSIIAKNDRKFSDSVVKFATELWSQICREAFVDVDIYIARKDNIQRQFKASSVEDTFVSIALEEYPEAEELEVILSEIIQADIFKLSRFFSYKTVDLIATLWSQAQSNSYVNLDVPIKRKNSNQLYLKTSSEE,0
LTLLRSNS,1
HEFDLINSGAYGRRYYDGSPMKRSFSVLWLSIIAVVVLFIYMKYRRNRFKIWKTFCYNDYKLRERMIKLKSASNINVYSSYCSVVITFFFLENHMPTIENEPKLDFKDVLLRPKRSTLKSRADVDLVREFVFRNSKKKYVGIPIVASNMDTVGTFEVAESLSKKRLFTTIHKHYSVDQWMEFVNRISSNQDILSQIGISSG,0
RRQDDMEPKETHNLFVMADQDKSGKLDKVELADFLRLVRLSAIKFATDHFK,0
TSA,0
SKSDGVKFTAEKSPHGNKCFKL,0
PGAAGPRGPPGAAGSRGPPGAAGSRGLRGSSVLLDDDTCLMVVGKCPAGLAPNSGYGEVMQPLVMITDMPFQVCCKNLDLAAIKLRLQKLTLFVIILLFLIKTNILPAIAMIVPYLARIVLLLPEL,0
KKRHQEEEAAKIQDYEERRQIEREKIEEELRALKEKQDQRRQQRAQEEREFAERQREIEEKRRQEEEASKARIEAEKQRREEERRKRQNLMAGSFAAGTA,0
SYVSPKRS,1
NEY,0
QLESDASNNLILELQQRIGGSNENALALLEQLKKCLIGGAVSSNIHLNPEIIRKNAMTIFGRGSSPRKEETTDT,0
SFPQKNDSEVMDFQATALKSDSDRQFILKDGEITDYGRKRYGDRLSFKNGTLIIRNLTVNDAVTYFYSLQGDKKKPAAIDIVIE,0
YKRGNMTRLTTDFKKAVKKYGDGKESQKSTVLQSFLKKMEDNGELRAMEKL,0
DEMSKYISGVIMFHETFYQKGDDGTPFVQILQKKGILPGIKVDKGVIPMAGTVGEGTTQGLDDLNSRCAQYKKDGAQFAKWRCVHKIGATTPSHMALVEIAEVLARYASICQQHGLVPIVEPETLPDGEHDVHRCQKVTELVLSYTYKALIDHHVYLEGTLLKPNMCMPGMQFKGQCSHEEIARATVTALQRTVPVAVPGIVFLSGGQSEEDATLNLNAINQFPGKKPWALTFSYGRALQASALAAWGGKPENIQAAKEAFLKRAQANSL,0
NEMCNYYLMYWVLGDRILRQERQYMLFTWAAGILLEQRSRVEQYPKNMTTINTSKFNSLMMSEKIFISLGMATTVCFIGISAIAMIVLFSDINDLHSGVMDEMTGFKEIADDTWSKILSVRSSEFQ,0
EMPVQQGRGRASSLSRMVDSYEESSFYERSTSVPKQFYRPYEIKKTTEMIRKRKDDSNQLREEQHREQQYSSSKEFVEMEKEQLHEVKRRRYSEKVQLPQQPIFIDRLPTEIPIASDEDLVLRVGFKAFPRAHVIWSVNGFELKDSKKVTIINEEDHSTLIVRPPIRYGRYYVTITNEH,0
YCAPEVCW,1
QPQQVQKA,1
NEMIMSVD,1
PFLDRRVLPRRSARSAAINQLKEMSRASIYQLFCLLSLFMAFEANNNLQQSSLSTKCLPNQVVTKLVVYENGAIEAECNKLPCGTSGPRCADNQASCRAET,0
PKEFPSPPPSPMHALISNASISTERDSNIVIRESLNGDTSKSLDSKIMEKLKRNSSDDSEVKGQATILQAELTPVILDVSN,0
TYDMHIVRSDHDNDNFTRAMFINCMLLLSFSIVSTFAMGSIKNVTVKGQVACSDRSQ,0
GVGACMVKGNQWYG,0
FINRLGGSYKVRFTQFMEEVKKARADYERIHQQAVARFSP,0
KQLATKAARKSAPSTGGVKKPHRYR,0
RYYPDDDP,1
PDDDKNCCFRMKSMLYPHYIRYYLAQGEEGLDLTKLRTNWHVRDATIKILPDEDDRKTQMLQICLQIRRRSSTLRIELTLPMMISSLLVVIAPFFGTFRDQINVKLFAIFIQLVSFTFLAIKAPQVGFGETVPHIYIFYVFTLCTTVISLLITLVISAMSRIRRKLPPAHRYTLLASALNVSLCCGSEAITEMDGTSAKDYHQDWLQIHTAINNVISFIILVAYTIGILIILCMMCYILSDQQLCETFDQLDIDQDGRLSRNDLAVLWTVMNIEPTRVELDVIFQEMD,0
YEGSHFHRIIPRFMVQGGDFTKGDGTGGKSIYG,0
HLNPEIIR,1
QDDSE,0
SDYLSHSFAYFDVVG,0
KFMALLLV,1
AIRDIRNE,1
RVENKKPT,1
SKNLPDFVLTHTENKNTTLFYTAGQWDQLEVVFIFRRLYGYYILQAYMPTYLSVFISWIAFWIDTKALPARITLGVSSLMALTFQFGNIVKNLPRVSYVKALDIWMFGCVGFIFLSLVELAIVGYVDKVNMRKRRCVRVRESSIRTHTEPWRMKSKRNDSHTNSKIPLSNMNSPVKAL,0
TKDCGEIAVDETCLHSGIREGENFGGE,0
LIEPFHQFIWHFFTCSECATHFHEGILKRNMTAVVTPADGVKWLWMTHNIVNKFLARTPSDDPAFPKQQFPPASLCPTCRKQNGEFDEEAVLNFMITYYSNLRIDGLKSMPGYKVSDF,0
DPTLEKLPRLFDPVIFWANYFPYRVHGTPMLTRGKIILDNLFRTAHLMALQHSQLLNLRYDRDEPLSAILQVDTGENEKIPFVLRLEPHIIVQCPEPIR,0
EIYTAFGFYPEEELLS,0
IMHG,0
CVEEDMPEKVINDSQMTLRI,0
SWQNLSVP,1
NDYYSRYYKNTAEQKASNSSQSMAQSTASNDTYEQKAKNMKLLKKVRPEDIDLPPCVPPPPSTQPPLQVSDGPTLSGEVEKKATLDPALKAKTKKMIEMQLKFSRKKLHETVHSSVAAVPSSETINKSAKYAPLP,0
DFERIIRSRAIDTSKKALKVVDRDGSGTVTMDEAKRIAFDHYGFDEKTLGP,0
IAANNDGE,0
QIEQQGSK,1
WYLLPPPP,1
DHFTTVTL,1
KFIGERQYSVPFKTRISQPFQEGQTVHAVGMIKPDAKRIDINFHKGPSRNADLPLHLSIRFDEGKMVYNTLVNGIWGS,0
QFYRPYEI,1
SADPSALN,1
SGRR,0
EKEKGIKKMISSALILCMVLITQGVQGWWYPGGYGYGYNYYHHHWYHPGPFHHPHVYHAPYIYHLGHWRGARKGALIGAAIGLLAGTFGKKKMKNLIQALILIGLLLEICLSQKTTKFEESKHD,0
IRF,0
AGKSWWSELPKL,0
LLKVMDIAAIVEITKTFRSDILIVVDNTFMSPYFQHPLSFGADAVLHSITKYINGHSDVVMGAVMTNIKSLDENLKFQQLAVGAVPSPFDCFLVNRGVKTLHVRMQAHMANALQIAT,0
NMMEMEWDCELE,0
TGS,0
SNSSKICLGLLSNVNRNQQIESTRRRIGRGVKLTYVPNQGTLFAECQSESAIFIQSRNCNYFHSFHPTTVCKITNGISLKIFDMSKFRELLAESTRCCSFDAIYELTNMTIIRMSFVKGWGAEYQRQDVTSTPCWVEIHLHAPLQWLDKVLSQMGPPPNPISSISMSSNLLIYDIELIIIMNKYKWLSFIIISILLVGRVTIAEEEDDEPVPSSLYGPNDHITILHSNNFNKKIYNQRKVFFVEFFASWCGSCIGYAETYKQLANQNLQLCREHNVEAFPTLKYFKYMSANANDGIEYRGNAHNLNGVPLDIAGFVYNDWV,0
MNVAALQLGILLLVVSIVTSKKKKGNDWDELETLLENIDESVTEPTKKPKPAPTISKNPCEDHICG,0
MLEEVEKEEENDMKELNEEIKVTIPVYSDDKRHEVHSILMQINNEISFIKRSCQRNISKTSVDAAIRLLHKVRNNVSSMIDLISLYRKRFKRKSLATNRERMKLSKRTSRHLSPTSKTGFFFKADASVNFYLVKREESEIVNAIVKL,0
NSNRIYYCYYQYRYFHPSFLTDIIMLRLISVLLFITAVNAIPVDNGVEGEPEIECGPTSITVNFNTRNPFEGHVYVKGLYDQAGCRNDEGGRQVAGIELPFDSCNVARTRSLNPRGIFVTSVVVISFHPLFVTKVDRAYRIQCFYMEADKTVSAQLEVSEMTTAFATQIVPMPVCRYEILDGGPSGQPVQFATIGQPVYHK,0
KLKVQEIQTQSARQTMEQGYQREEVKRLRVQLGDLRGKLADLEGRNSLLEKQIQELNFQLEDD,0
FPV,0
TAGIFSTY,1
SDSGGRQVAGIEVQMDSCNVERSRSLNPRGVFVSTIIVISFHPKFITKIDRAYRIQCFYMEADKTVSAELEVSEMTTAFQTQVVPMPVCRYEILEGGPTGTPIRYAMIGDHVYHKWTCDSETTDIFCALVHSCTVDDGKGDTVEILNEEGCAVDKYLLNNLEYLSDLMAGQEAHVYKYADRSEIYYQCQISITIKEPFGECPRPQCPEPQGFGAIKSAAAQAPEAALLSPRLLKKRSVNYDNTVDVSAGFSAIEISEQNPNLSANRLLQTAGRQSIIALNDQNRGIFCIASHDILLIILFGAMLAIGSILFTVFIIHRIKS,0
MVFRKFKPQKQWGKMDTRIFKNILAARNKRKMPR,0
VNDGNITIEIDDEGEALLEPEFEDADVGLLTTFNCTSSAVSDFFASIECTPMPNALNPCEDVIGYDFLRWAIWFVWISAIVGNIGVWIVLCQMRQKRMHVHYFFMANLSAADLLTGVYLGVLA,0
LRRRIALL,1
QKLIGKQEERNHVLEKYKSCIPVNAELRKKLIQGL,0
KSHSVPPEITGSSTPVCTTNVVFDGWELLDEHQRSSRSADSFETI,0
EQYEGILS,1
MDQLSARF,1
YLDSYKKKIILICEDDTKQISEETTINVIYKSCSSKLKVLATLSPEVRAQVEACAVNEEDFDVLVEQPDEAQDFTVKLLDHISDSISLDLKLSNTVEVNLSLIRSEQYEGILSYQVGYLTGGETDEERISATSDYEQHNHSSKTTEDRVRHTGISVNIVARSMHDVARASLEEIPWGKVSMYIVMQPLMTRSISDSGTRNSLVQNVTVSESNETEKRSLHSHESFRSSSRQSFDWTE,0
MSHSETKAKCLKVMNESGRVGNCDAAKQDGLNFYKYMFGHHPDLRVYFKGAENF,0
NIVCTACGGAGHIAKDCKNPRPGSGVFNVGDGGMDDEYTALMAELGEKPTSRPYIAA,0
TSDFNEITAREAEKLKADNITEAMNKLKELRGYIKSKVTVSNSATETE,0
ESLVEDEATLNVSTLTAPGFHSKQESV,0
GPPVVVSPCQQCKGGGA,0
CQPCPPGP,1
YARETVNRHIKFKMDRTLWAKFFTLFVNNLKEHTTVDEETEKAFQQIGKEFSDECIKHTVALNLPNMNTILKGLSRQSTKEWISYFCSTHFWGPVANWGIPIAALADLQKNPDLISGPMTTALCIYSAFFMRFACRVQPRNMLLFACHFTNITLQLMQMARFLNHNYLHIMKDP,0
SKFAIVRNSNGDLGGIVSMINYAANQAYCAVVQINQSISDKYISIESTDDPQCFQ,0
NEQLIMPT,1
SGNLAEDNGVFTVVHCIANAMGYAAEAYVILITRHRYKATFDFRSAQHRMIAERDEFEA,0
SMV,0
ESYEIISE,1
CQALMVELQMLLD,0
DKYYCIIL,1
IIEGLMTT,1
ADGPPGEPGPKGPPGPDGDPGPPGPPGDAGPSAPSEPLIPGEPGPPGDAGPQGPPGSPGRPGSDGAPGPIGPKGPPGPDGQPGPDGAPGQPGPPGPPGSPGEKGICPKYCAIDG,0
RKFSDSVV,1
SMRE,0
IPPQPLPKPMTPVIHEPLRGQNVSVVSEASHASPYTEKRYEEITSGVSRAVYEALPKVMQQKPLTDTTLTEQKYEEVHTRSDRIPSPKLKSQKEFMQHEIVEKKTFRIPVYRAMEPFPKHPFILKQPEPEIRLKAGEKLVLESKVDSSPESQFKWYQNNFEVRPSPTVIIESPAINESRATFLKPVSGTYKMVASNIHGSCSSTTRVITEVTEEWGTESAITMVRAVPEKQELKYQPVKRFHILPKRNDLPKRPRIVEGFVPILKIANNEPLVLRVTVDAIPEAEFRWMLNNFEVRTSQTINIERPGPNISQATFYSPISGRYEVIAMNSLGQDSCSAKVIVDYAEEQQVQVVPIQRIKRPAVPQIPQFINPLPGETQLSSEEQEFRLSVSVLGEQPITFRWFADGSLLSNSVEHQMINDLESSTLVVRKQIGCD,0
GEPGQSGQRGYAGSSGGSGMPGAPGEDAGYCPCPRRRTKKVVKVAATTS,0
GKDTSSIKIMFEGE,0
RRTKKVVK,1
QKVEIVDE,1
DQLARLNEKLLERSKGRRADYKLVDSEIVKTAPEPVPVIVKEQIRDMLESRISNDTSVNSTIPQQDRSGYVTDASSATWQFSSHSFSPRSVVSVNG,0
EQKPAQVV,1
TFDQKSPLTEVDHVSIIGDLVNLRLFHYGGRVFPVPYAAVAEIVPGKRLDISVLPTGKRFNINLYNSNRKHALQISVRFNEGTVVRNAME,0
GLGFMPPP,1
KVIPQHSAEDDAVRLAIAIAKDAEGML,0
EEEEFESV,1
MEIVENGNCTNVETVHRNESTIHSNDNDVITS,0
KAAILDADTVKYARVNKNGYVRILTNYGAINLELFCKDAPRACENFIKHCKNGYYNKTKFHRIIRNFI,0
EFTPLPDALRHRSVEHREYGHPVIVSTMNQGICMSLTGFTFVGMLAFAIFVVAIVVALTLLRSNSGKH,0
QMSRSQNSE,0
AFAIFVVA,1
DQCIFGYSPENQREGVGENIYALGLPKDVEVFNTSAALFAIESWWTELIRSYRNNPSNKLTSSVASQDVLHFTQMAWGKTHKVGCGIAMHCDDGEAFIVVCHYAPRGNTIGELIYEQGSPCKVNKHCRTKKCSRKSGLCRKYEKVCRVERGCSCKVIINEPKCCCVGQSVTEIPKNLTYNVRRLLFYNVGISHIHVNAFNEYEHLQEIVIEDS,0
GPPGPPGDAGPDGTPGQPGGVGAPGPVGPKGPPGPPGEPGPQGPPGPPGEDAPSEGLIPGEPGPPGDIGSPGPPGPPGIPGADGPPGPPGPKGPPG,0
CSSSNNSE,1
DGPPGLPG,1
FERNIERYASLPTLHSDTRGTLIKIKDDKPRGIMKRRELETKDQMMYAEEPRQVARTDRWD,0
FVECTETQHDLSLCQSFNEVFKDCRARNP,0
FTV,0
DEKGNTLTARCVFIIGSDKTLKLSILYPATTGRNFDEILRVVDSLQLTAVKLVATPVDWKDGDDCVVLPTIDDNEAKKLFGEKIHTIDLP,0
AFGGFSST,1
GLHEFFEDK,0
LYIANHAY,1
AKFTWYVN,1
NEMKKAFTEEAKKSGSEQLLLTAAVSPRIYHIDGSYNVRSLGENFDLLFLMSYD,0
HTVALNLP,1
YQL,0
NLSVPSYVVREGSTATITCEFNNFLAPGSLIDWFKGKTIMQIVPGKTDRISHDLLEVLVISHVSLMDGDVYSIRVNDIIYPVACLIVENVDTS,0
DLL,0
PPGKDGLAGADGKPGLPGGPGL,0
MTKIFALNPTGKESDEKPKQLDGIAISPTIPSTTIYPVHLPITSIVAKKRSGISYLVVILLCLTTVMLPYIFFKITHRPISNEVTVSGSTLSWAQQSNKFGIANDDGQMIPQFYLTDGLKRMIGLD,0
RDFILKPS,1
EIKEEIAAAKEAEAHEEISKDVFLERKPATSFMEVSV,0
GRGYGGSSGGYTAERG,0
NRIPDNMIMTPESRTDEKASNLEE,0
EGLE,0
QEYDESGPSIVHRKCFMGWNSLLNRTVS,0
MSTPPAHQTTLSELEKYFRLYDNDGDGAITVDQVMKILEEVIKITDRELIEAKFQLIDTNHDGRISFDEFMSMVKELMSWLWDWVSGMLNYLGLTKKNGKLVFLGLDNAGKTTLLHMLKDDRMAQHVPTLHPTSEELSLGGIRFTTFDLGGHEQARRVWKDYFPAVDAIVFLVDCADVERIAESRHELESLLGDEQVASCPLLILGNKIDKPNALGEDQLKWHLGVTNLTTGKGQISRMDISSRPMEVFMCSVLRRQGYGEGFRWLSQYLDLVNRISMIEDSFLSKMLFLNCKKFSFLLLPLLSLNIYQITIANEITELRMPGAEPVMNDSYLCTAIEIDSAVEHYIVGYKPFATMQKAHHMLLFGCSLPGSDEVIWDCGDMTSAGPNFQRAPVCIGQPSILY,0
FAQAD,0
DGLPGHPG,1
LASFVNKIGQMPGIKEWIKKRPKTYFMAPYKEDEGKVNSVTKIGDIVKPHCASNVHVNLHVSKVVVHPLVLLSVVDHFNRVSKTQNVKRVVGVLLGSM,0
VPFVPQMEAKDWEMMNYRRAMREWLLRREMFRRRMIAEMEREAAERRMAQFIMEQQQA,0
INQLKELTAPLKPQSGKRKSQQNK,0
RGKFVKPT,1
LIEWDDNSRDYLVVNYEFDRTEPLSAETAVIVTRYTSSQKEFRKNFASQERSFNISVFLPDAAVECAFVWALINCEKTELSLMSSFQTVNFVIQNFQPQQVQKADLLLYVKKLILENVSFAICQPWEEILLVKKPENSFIWDSEYCWAQKARVEIFIKISKENVSSQN,0
PSSWCDLNEN,0
GPPGPPGP,1
NDDNKFKY,1
ILPTIPSVTSLLAVIVENNPA,0
ESSDSPSP,1
DEKITANYE,0
SYPVPVLKEIAKVQPGEGKNG,0
EDEEAEEEETE,0
TSTPSEKRPLISTERLRVSAV,0
MILFIIFP,1
RKSKKKAIRRLGVHPQKPIVPIALSRSRRHVAKVDYKFG,0
GNVSIQETSPDGKFIVLENTHRSKEELIGEWKLKRKIDGKREIVYTLPRDFILKPSKTVKIWGRGQGGVHAPPEQLIFEAEESFGMGSNVQTILYNKE,0
KDDSNQLR,1
DDDSYTTK,1
ELNLKPGH,1
FTTEARELPVVPHPAHRIPQLDEHPLYKSIECSLFDGTVAFTDGIDQACALSKAVKRIGFPEAVSNLASKIPLPEC,0
VTAA,0
WNLQQRDSPIAANSRDFFERLIMRVDWIILLLSLMLPVMIANNSNL,0
TDVPLYINAVFHESFIEVNEKGTEAAAASAVGIFLRSAPITLAPVKLFRANHPHLFAITWHSSTILFIGRIVLRILITIMIGVKAAAFSSIIISMITIIFIFAEVHQFFVSVVTLKYKLAVNMDEFMVMQDKIWMELQGARMIQQTTQKRLTRQAPNPKCNCDTSNRCPPGPPGRAGMDGMDGMPGLPGPPGEPGVPGIAVPIESVKDYGSCRVCPPGPPGHMGYPGPPGAPGLQGTPGNDGLPGH,0
ELPTNGLS,1
SSYRRSSQ,1
DQTAGTLSQRITDQLMGLRGLHGQLLDLQCYLHEVAEGKLPINHAVIYYIQEVLNLLPDVTSPQFV,0
VKKKFVKSNQMRKKAAVEEESKKENSAPPTEIIE,0
FAVNSKAAESSAKFKENSNDADIR,0
ITQ,0
EGTTQGLD,1
TTRSLRTTITQSSTIGSTKFETTTTASEITKNNKIK,0
IERY,0
GAGSGAAGENLYIANHAY,0
AKCKEELENLVAELKNRLASK,0
YNELRVAPEEHPVLLTEAPLNPKANREKMTQIMFETFNTPAMYVAIQAVLSLYASGRTTGIVLDSGDGVTHTVPIYEGYALPHAILRLDLAGRDLTDYLMKILTERGYSFTTTAEREIVRDIKEKLCYVALDFEQEMATAASSSSLEKSYELPDGQVITVGNERFRCPEALFQPSFLGMESAGIHESTYNSIMKCDIDIRKDLYANIVLSGGTTMYPGIADRMQKEVTALAPSTMKIKIIAPPERKYSVWIGGSILASLSTFQQ,0
MDENKSYEVPEC,0
TTDQDIPTGTLNYLIEAVALTITVISYKLSAQVKLTGEAKKIKEEKLLKIIIEEDVIRTRTYLRVVVRSTREFWTLQDRTIERPSYWSRETINERVEFEKIF,0
ILGKHDDKDEHILVSHEKHSEKKMRHHDRLKNRRKRRSESGHRRSRSRSSYR,0
GSGWGWLAYDKEMKRLQLACCPNQDLLEPTTGLIPLFCIDVWEHAYYLQYKNLRPDFVKAIWKIANWKIISDRYIKARGMALNELLLLFLPLGTYAYISESWAMLTSDRPSSPKCVDIPRNLTLCYGIQYSTMRLPNLLEHETVDEVIEQAAPWIPLHRLNCHPDTQLFLCSLFAPVCLATMDREILPCQSLCTAVQQGCENRMR,0
KHDARGVVSMAGNGPNTSRSQFFITYAKHPTLDLKYTVFGRVIDGFDVLDELEKVKVDAKYRPVVEQKIQNVIIHANP,0
RRSYGDRRDLYEHPVVKKQPKIAHGTA,0
GSEIAANN,1
KNVTEEALSHTSSVFSQQQLPIEKQNYVVLPKQPQNRRLSTGKDSGRGSLTPPISSYRF,0
LLIRKLPFQRLVREI,0
FANDRRIHIVQIQHNNPIAQQFGIIGTSESSRLLILKKDQLTPLYISKEHD,0
DEEQSEKT,1
YDQLEPPSWRYLNENQSWVDKGCYCDRKENACIIERKNR,0
AISPTIPS,1
PGKGILAA,1
DDSVIITR,1
ANLSAADL,1
LSHDQRGILSMANQGTD,0
VKNIDESAARQMNRANVRPKSGAGRGKDMANIINAENKR,0
PSVVEKSS,1
ASAAASGK,1
AEGISPSSPSTTNPAGGTAAYWEICKYLKEGGKETIDEQGVGACM,0
ANCKCKLGS,0
TSIEFNDIRPLVIAKAESAAQRYLQTVDKDHNGLLSLKEAQEYILKEYGIGNRDVERIW,0
GLAGADGK,1
NNIIDTVR,1
SNCGSDEH,1
DLSSLLAP,1
NLAEIPEEVLMRTHGEVRLQSGTNKFESQR,0
WGN,0
MAEEEEEITE,0
GSDGPPGP,1
PGIDGSKKYYIHLET,0
NYFKPNTEMDIRIRI,0
YQL,0
LLKEQERQKVLSQRTIPLPDVDTI,0
RQSDDNMIPDRFAALKAITTLLRIPGVQQVA,0
SGRIVAEGVTTAYEPINPLQYR,0
IQESEENISVMIELCQKPTIQSSQIDLRNVFQLRRIIEENEVIFRFKKASHCSDSMIRIFYKLRLTTFFEMEVLWNRAQLSVEVYQHLDLTSPAQTSECIFILRENIYEEDESTDETSASSIHTAP,0
RANHPHLF,1
EELIELKYKVDRLITRQFFKKVDVDNSGDLSPGELVDFRHEIRRFVTERNSQRPHDSSKSNAQDEEQSEKTEEVREQ,0
REE,0
SLSRQNGYLPAHESYMRSVTTRR,0
GNDAAYCPCPPRSAVFISRFTQMEICLFACVAILSFAQSSGSLLVQKGKLGD,0
STGLRCCVYGLPTPCIRISHNGCPILKNNRFFHVVYNSGVITLYMQHILEGHYICEAINPAGRAKTECYIRIEEAWDEIQHKKIRRIRVENKKPTDKSYQNDEILQTSEISTSQFESEQNNQRSDGIRGIQINEAMELMASTGETLTKYSTKFKEAVEKDIEETKVSKTGICEEINKDVFFERKSASSFMEVSVMENVYDI,0
SDYDFTKLKKICGLIPELQYICLDVANGYSEVFVDFIRRVREEFPRHTIFAGNVVTGEMTEELILSGADVVKVGIGSGSVCTTRKKAGVGYPQLSAVLECADASHGLNGHVMSDGGCTNPGDVAKALGAGADFVMIGGLFAGHDQCGGDTVEKDGQKYKLFYGMSSDTAMEKHEGSVAEYRASEGK,0
EDIVKMNQ,1
GYVKKKYT,1
FKTDLRFQSAAIGALQEASEAYLVGLFEDTNLCAIHAKR,0
KVD,0
KRKRYGGREAVIMHSNQNKLCGLKQHIDDDGDIKQQQQKQLQ,0
NDIIYPVA,1
MPVPPPPP,1
DLISYIASK,0
GERGPSGSCDHCPPPRTAPG,0
ADIFKLSR,1
VNIKDLEDAEESNLSTFKQKSEKLNEINSDRIISKEGDFYSCSYTWPSKVNYLISFEIFDESSPMQLLCEDSDYLPESLMHSFLFFEPTKREVQEENEEELLQTLELLSDLNISKVETIIGNATKRRQNFAKLKDEREAKNFHPIQESTTPELDESYNQCISECLTDVDQK,0
LPKYYPLRRQIWNNILFILSSFHFYKHFIPEISNSFFFSNSKNFRILFSFF,0
PSYRNIVQTTAPTFIPNGAPLHIYSGPVPVTVYQVQQPTFVRTPASIIQPSAG,0
GYNIGANDNSEIAHEEP,0
ADSPHLTT,1
NENYSLNIKKMDASKEID,0
RTPSLFKHDARILQSADESATISRHKPRYTRAEEVIQTNDIFLISDQHILQNRQSVINATTTVVFEKPPQRAVHEVTCLYDDKAHVSEENIQAVSTINLQKVEIVDEFFSTIMAAEEKFREAYAEANVDVKRPDALFDHFITVVESEHEHLEMRLIAPVLVTNLATCDFHFQQKPESLHAESVHAEYTRRNAAAEQRIIILESSFQKFSEAITWSLKKVSKVATDSGTAVVHANIKIYKPEEIGEHATTIVDTRKIVPELFAIAAAASKFKLTSIFVTFTKKGDVAHQALV,0
DLISYIAS,1
MDP,0
IFVDEHIL,1
KKPHRYRPGTVALREIRRYQKSTELLIRKLPFQRLVREIAQDFKT,0
DSV,0
YPPSNSFPPNVTVPSMVTATTTSSPTTDSETLGNVLASAMDYMPFKPVEHPKCPKCGKSVYAAEEMNAGGYKWHKFCFKCALCNKLLDSTNCCEHQAELYCKQCHGRKYGPKGIGFGIGAGALTMDTGEHFGNTEVEMTLVIGLFCENFKLCNKLLDSTTVAPHEAELYCKQCHGRKFGPKGVGFGLGAGAL,0
DPSYRNIV,1
YINNNNNN,1
EPGQTLLVKGKTAEDSVRFTINLHNTS,0
STPPHPSA,1
LQKKGILP,1
GPMKGILEYTEDQVVSSD,0
YDLKELHERERQVARNKALQKGLDPEEAAASIHPPKVNVVSKFDR,0
SGGGAALTSSFVTRFGGGVTGAPSAPGGGCCGCGVSPPGPPGSPGPDGKDGPDGEQGPPGRDGQDAPQTPPTQPQIEWCFECPD,0
PTILPSNL,1
GYYPRRFF,1
ANTVGSAKLKAAQGVLPILARPEVVDKLKTEDDGTGVISETGQPEKKPRKSRWSTNKSFVPGMPTILPSNLSDD,0
ATAASSSS,1
LQSCCEISVPRKIYIGTDLVSLGSYYT,0
DISKTVQDLLGGLRSACTYTGAKKLKELSKRATFVRVTQQTNEQYATFEISPSELQNLNIAV,0
AEREIVRD,1
LALGAKVLD,0
LHISVRFDEGKIVFNTFSKGEWGKEERKSNPYKKGDDIDIRIRAHDSKYTIYVDQKEVKEYEHRVP,0
CRNDEGGR,1
NDEDDFQQIVTDKDDFQDIITDEDDNGDRASNEDICDDVSYTTKGKFVESDGIKKTCTTHSD,0
SDVNVPVTWSQFEVQMMDIITALRHMLLAEIPRKSVIKGENLRALKLWVHAMKKYVPGTIPIRKLLYRLNQWINNISTELTSEQWTHRIKTIQDQLGQPLPSASNYMACRGSKAHFRGFPCGIWTLIHAMSVQAY,0
TNYRSWRE,1
DDLLLGDE,1
TISDDGICILRVLNVTEEDNAIFSCTAMNLFGTTKTESRMIVTESIVEDRTVSEISPSSMSSQDSFTTHFQKPQFTLPLNDITISETEELQLKCIVTGEPMPTIRWSCNGKEIQADNRNTFTIYEDGIVMLKITEGDKEGLYICEATNGIGSVQTKSFVRINSSEVSLTTTMELEGAMESAEAVVLSVSMSYFCSTADIAGKRNEMVEQD,0
PIESNPAKPNAMPIQI,0
QCFQNEPI,1
AENFESPKLTSNICK,0
LPEK,0
QQQQLPSN,1
FTDVDGCASNVGRH,0
SGPPGPPGPAGPDGEKGPDGQP,0
HRSSSYRRSSQQSGGPFIEFPPTLPRDRDAPIPPPHRGRAPSDDFYRPIIKSRSYADWDEGRGFSQSIRRRNDDMARLENEFRDSLLMPLPNM,0
ESFGLFRHPNDCRLFIHCAHDHPYVKL,0
GTPPIKTFEHVPSEIGAEEAEEVGVEHLLRDI,0
SRNESKSL,1
MLYSFIHFLLILNAIYAIPQANRHVLDKTATSVPLPQQQQLPSNFRHAKQINSDKSAQSESILNQFVPTESPQVDLPVADISQGDPSGVAAIPQLPPVDKSVDLDGDGALSLAEVQYAAFVHHGLSGN,0
QQQQPIMM,1
INKDGNPT,1
CPPADTTC,1
NATTTVVF,1
FHA,0
INCEKTEL,1
SSSHLTGN,1
AAAFSSII,1
WADDEWLK,1
EKQIKKMQEEVA,0
NLFVSSRARAGKIPLVITARLFDYAINHLSRKELVELIRANKEGLIACHRIYATVSQRMILFIIFSAIIVAVTGYNC,0
RLTDRDQI,1
RQAYLL,0
AICQPWEE,1
QQNDEFTA,1
EIINDEDD,1
KANNHIISNASCTTNCLAPLAKVIHDKFGIIEGLMTTVHATTATQKTVDGPSGKLWRDGRGAGQNIIPASTGAAKAVGKVIPDLNGKLTGMAFRVPTPDVSVVDLTCRLQKGASMDEIKAAVKEA,0
WSPDYPSRRMQRESFFRRISAVEESEKTDGEKIDEISGKTFPLLFIVFNMFYWFYYIGLCRRFTK,0
GIIDKEEI,1
FQEVSELIDVGQKKRLGLVRWCNLLSSRKRAERIDIMARLIFPIAFVLFNFAYWSTYLGEMEQ,0
YEIEEFATHSFKCIIFGTPTPQVRWYLNEQLIMPTDGITMIAEDGIYILKINSVDRTWSGNLICEAENLVGTTRTQSIIHVQRSDESSISSTSVGGQSPVFQLPLNKEVHV,0
ACVAILSF,1
STVNRDLHTSVEAKVVAQETSEAWIEAAKEENSYIKTHFEVQSEASYSDAIVSIVQK,0
NVTGRL,0
RLTDRDQIDELLVALSNIEAEINLLRRRIALLEEE,0
GGAKDGLL,1
DGSRFA,0
ATSFMEVSVMENVYD,0
EGAPPSVI,1
LMDFDSRIKAYKFVSYAAVTFSTVAVLSVCVTLPMVYNYIYHVRRQMRSEINYCKGSAKDIWKEVGHLRQMPINKNRTARQAGYDVVQEQEVESGAAAAAAAAGQEGCEECCLPGPPGPKGTPGRPGKPGRPGAPGRPGSPGRPPGQPCEPVTPPPCQPCPPGPPGP,0
FDNLLNYGINTNVEFWE,0
TGFGTGRDVCREGVHVNQAPSDLQPLDEEKIRLSDGIVRLQAGTNKYDSQKGMTGFGTARRETTKMTDSKHPDYDHERPDQS,0
QAITSENSIKPKGKLQPQMEKYTLTYFNGRGRAEVIRLLFALANVS,0
SRIKKENQRLVSELQRARTDLDQETLNRID,0
KFVESDGI,1
VNEYNDDF,1
EMVEQDLF,1
RCVNADADGCGGVGSCVYCDICDNTSGGLKNFVQILEKDELAKCNERNLEPGKYKNISLRICLPTKSEL,0
RRLYRQLL,1
TYNVRRLL,1
MRPQLDDDASNYKKRQQEAENLRRVAFYGVALSTIASLICALSVPMFYNYLQHVQSVMQSEVDFCKSRSSNIWREVTRTQVLSKVNGDVRYPRQAG,0
TGEATFEAVVPDTITSWVASAFAISDKTGLGVAPSTSKLTVFRPFFIRINLPYSVKRGEKFALQVLVFNYMDSEQDVT,0
QQQKQRQQQLQ,0
NGSKRPFRFYKSGVYSNRDCG,0
FHGSWEMNVDLHAKLHPTKGETSG,0
MLSCNKYPKDNDMCIGAVSEKATNLSDTCSSCSQVSTYENILDHYCRSQIVVKARIGGINKSYVSVRKARSLKRSDRRRSVGRDTVIHFSANRGCPCHFSGTGDLRFLIMADQNDRGDFIANLILPWRNADKPFKRAIRSFRKLNCQSLGREIRESAYRRSLHRKGHMLANFIRLIVTYGLFGFITASYDELCKFASNVTDVEELAHHKYQVLEDCLYYKLSQDANKMQGKANAISILPPTVAAGETLDAEILEIALKQLWMNEIWHVMNINGHFLISWKDRRMKWDFNEWKTDTLNIRSYGRLWVPDINS,0
EAVHDSSETAETRSIYNGGKTHSQGSKHYIPPGWVYHGESDGYRYYIGCAGEMY,0
IPPPRRLR,1
PYPLLSAINHELEGEATATTRSLRTTI,0
ARCSNCGSDEHKT,0
YLLHSANSIESTDAGQAFDASEEFEVFSASANPRLQHNESFSTPPHPSANKFYVLGAEHSKSSHVRSEIVNASTSNTRISTKESLPTHDTTTDELPRTGVADKIRKD,0
LLKVRTDLSPGLWRTLSRSNAAVQTAHIESEKQHWPYMPARLGPVTDSAQSTMT,0
QRQSDEEE,1
DIAEFGTV,1
VQVPSLENIEIYTAFEFYQVENITAILSIRASTIVERTNMVFSSDLAKIISEMFSTVNR,0
SSSSLTSGMSPFGQNAASTIRDAREREKKEMSDLNDRLADYIEKVRFLEAQNRKLNADLDMLR,0
DFDPVKAIICEQKDVNKL,0
FKLKHSMAGIVSMANCGPDTNGSQFFICTEKTDWLDNKHVVFGHVVEGMNIVKQIEQQGSKNGKPMMQVTIVECGELKQERKSSMAAKKKKRNNMSRSRDKTGGNTEPMPFVRKFGAAAVAATATATGEPTVETMENAEEGSNGNVRESYAPTVPEYLSPKQRPSRSRSRSRHKRKRSRSRNHSKRRSRSRDRRHSRKRSHSRRSRSRSRKSQSRSHRRSRSRSRRSGSRSRRSRSRSKHRRRRGRLSKSCEDKGKGSLSNKKLNSVSDRTGSPPKGPEEQ,0
GGVFFEDG,1
ARILQSAD,1
CVVSGNPLPSVQWKR,0
DDLLNTTKTDARGNF,0
PGLKGLDGSKGEDGRPGVNGVALLATFHIPGGCIDCPAGPPGPPGEPGPPGDVGMPGSCAKRGKDGKPGPRGPVGSAGKSGNQGPDGPSGKVGQPGKNGKRGIGPVGPKATRGKPGPVGKPGTNGKKGVDGKPGEQGPPGVPGKNGKCGKAGKDGLPGSPGRPGPDAHYCPCPKRAKVALRSMARTKQTARKSTGGKAPRKQLATKAA,0
AEAGEELL,1
PGK,0
EEYFDLQFSMQSFEIPVIVDERRSTSVSYLSRQLSIQTMEKEIDIHREPSYATSKDLTFMEVTIVECNFVTTNARFEFTSTSVAHAVAESIVLTLVAQQFAQIHLSSQYTELRASFINQSNVEQLTATISKRPKTVEKLETKLGDCSVKLDVILLSPMQTIATDIVNKIPTIIALEMHFLALIFEDCNNTITFNRTPEREFCDAVMRTKLITFPEMIRRQFIVNNTWLELIAVYKVPQIFDSTIKIAVVRKEMLYLQCKASKANMVDEIFAIWKPIQQQDIAITFPVTLSTTTSENYIDSISSLEIMLQLHLDRNLLTSKKIPLIRMEMISMELTAASIEVFPVTYNFSKSTQDENVEVEIFVKPLIHYETSQRNFTDSVT,0
DPTGTGKGGDSIWG,0
TKHLNPKFQIGAFSVDGAEEADQKNN,0
EGKMILEKGIGFDLEIKNEEYAFQIFINGERYATYAHRLDPREINGLQIGGDLEVSGIQM,0
QLCHETFANRSIYSKQKDSVKLDLNTTTFELQIFLTNFELQSQVENITAVLPTRAPTIVEGTNMVFSSDFTKI,0
KQLVEQVVRTTGINEVADTETMRVVKGETSS,0
FSQSIRRR,1
QLGILLLV,1
LLLLAITALEAGVVKRYNKRFAGFNVA,0
TSESNEERETRFKLRQFEGAPE,0
MNKLLIAFGLIILFVALPCASQEF,0
ATHIQRSSQTIS,0
TQVPSVVEKSSRKFSDTTAELTTEI,0
LSHLADEE,1
KKANSEQN,1
QIITDKDDDFQEIITDKDDNGDKASDEDISDDDSYTTKRKFVESDGIKRTCATH,0
RETKITVDLEDDGIS,0
DENEKDENDADDFILAETSTSSDDDFMPLSELKKKNQNSRRRRGRKIAVEKDPFEMVESEEDEDSDDDQEKKAKKERKKATEETLCMKCSKSSNPEVLLLCDLCDEAWHTWCLHPILWYVPDDDWFCPNCQQAMLIEKFSEVLTVLAEQVKRKAAEDKKKEAAAERLKREMEYIGVSLNNIIDTVRDAKVENSESS,0
IHAGQEAEQWDTNQIIPPISLSTTFKQPKPGKPVKHDYSRASNPSRDVLERCLASLEDAEYCRVYSSGLAASMAITNTLKSSDHIVCCDDVYGGKDSAIIFSSTQRYFRKVSVLHHGLEISFVDMTDLKVFSQALKSNTKM,0
DASGKRLNTREIRKRQELEQLRHEKIQALLKLNPNFKPPADYRAPTIRLHDKVWIPQENHPEINFVGLLIGPRGNTLKALEAETGAKIIIRGKGSVKEGKLGRREGPMPGENEPLHAYVTGTDYTVIKKACEKITSIINEALMIPDGQNELRKLQLRELALLNGT,0
KTPQQETETSITIEQPT,0
LEVEDATRKLRLGDFMGNPDPAL,0
AEVNEAEDAKKSERKASAAASGKAAAPPPPAKKPVKAKMTFEQYRYIVKTDAIDEAATKAKEAACSATDLIKRKISTVSLRKTSNLMNQADSANLPSQALLKETQQGVELEKKMMEILMN,0
DDAVRLAI,1
HAEILYAIMQHE,0
RENEELEQIRKNLEPPKYVEQVKADGDAAKPPIQPIPLNLPGVDEFEEDENA,0
ISPAVE,0
RDKKKSSPFMAESEAEEKFKTSSILSEETDLNLNTSLSHLADEEAEI,0
AAEPEAPAAPASAEDEETKETTSQLRRPPPQEKEEAPAEQTE,0
ANDDGQMI,1
ARVNKNGY,1
NGLRFPNETHLRTRRQTRHTVGQKYTYDPNEKLPVSVDWRKKGMVTPVKNQGVCGSCYAFAAIGALEAYNKKKTGKLVDLSIQNAVDCTWTLGNYGCRGGYMNPIFYYATKFGLA,0
RQQQQLQQ,1
VLNVGMNL,1
IEAAKEENSYIKTHFEVQSEASYSDAIVSI,0
TAP,0
GQMN,0
DVAEDTSLQPIFVQVHHNPKRLLALQHLVDEAAERTLGRLNLDLKKNITVDL,0
IRRLINEE,1
ERIQLEADQFGFHRIIIDKSELEDQGTYYAFLGDHFTTVTLVVEERIDEREVTISAL,0
GLKQLVEQ,1
FQAQVRALPISEAERCPKHIGTSVVRTL,0
YLVVILLC,1
IIGVAGRLLVGKNYCLNTQRLKHVLPDLPY,0
PVMPLDEQ,1
LSAEIMQVHHGKHHAAYVNALNQAEEKVKEALAKGDTQAAVAGTKLMNFNTGGHINHTLFWEGLTAVKNSGEPNSELMTAIKKDFGSLETMIDKLNAKTI,0
ANYWLSKGMPKQKIIIGIPTYGRGWTL,0
CSRKSGLC,1
RSVDTSVD,1
DKIEIKEEIAAAKEAEAHEEISKDVFLE,0
RDDSINRL,1
ALKKAIPK,1
RTLWAKFF,1
LF,0
IRLAKTNQESETVVSAPAVITQIPKPKKYGSGVGKYINL,0
QPSESSLPLFLSMQMRLMNAQTMRMRNTAPSMMYVESANMQSPMEMIPTITVPIAQPVITPRIPPMYPFMFFRQQQQLQQQLEQQQQ,0
KYFPQSVLVLPHFIQ,0
AYG,0
GINITTLT,1
AFGLIILF,1
QQRDEREIPPFLEGAPPSVIDEFYNLLKTD,0
TEKASAHLKGGAKKVIISAPSADAPMFVMG,0
HKDDTGRRMQRALFKRLPITHCSLSLLPFEDPVCSQDGIIFDLTQIIPYLKKYGVNPVTGKKMAAKELIHLKFDKDSDG,0
QIWNNILF,1
MCDEEVAALVVDNGSGMCKAGFAGDDAPRAVFPSIVGRPRHQGVMVGMGQKDSYVGDEAQSKRGILTLKYPIEHGIVTNWDDMEKIWHHT,0
QRL,0
IKCPESFGLFRH,0
YVR,0
PVEFAGFRSVIRHKAVKNAFDI,0
LEAQGNGIVIAQLQYSYHRTTMRDDLPFYCTKEV,0
EWLLRREM,1
DEEDELSRLRYEALRSKTRRLMNDLRAERRRLKRERLRATIAMRRARERSVDTSVDEILLVDTSDS,0
RVLYPELQSHPQHEIHKKQTKGMSGMMSFYLKGGLEESEEFLSSLKIFTLAESLGGFESLAELPAAMTHASVPTEDRIKLGIGDNLIRISVGIEDAEDLIQDLDQALKKAIPKIPV,0
LTSDHIYN,1
DLPPCVPP,1
VIQKSEKSEQMKNLTAKRENISEEAKQAAKQAYMEAIQRRGGNVADLLPNDLKEKIKQLHSRIVKLEGEKYDLEKRHE,0
GEELLKTVLENIIKNVGQDSVVETMVAYKKPVVLLREKLTDLEETLMGGDLESRNLSKSIPEAEPIFSK,0
IQNCDFSGQRVLLAVRILINT,0
DEDDFQQI,1
NPR,0
GKDSAIIF,1
INALSPQE,1
AFGNLYNLGKLSVSGCKNLKEITGILLINNTRILTLHRLAMEVIDFSHNHIEYLGDGQLRAVHANKIRLSNNHLREIGSHIFANCRFSLLELNNNLELKRLSIDTFAGISFIKRLDLSGTGITELPTNGLSHLESLKLKDTEELKKLPPILAFTSLKKVEFTYPYHCCLFKYASKEI,0
VTI,0
GLDFADKVYLDCSFRRSLEHAEASENRNLSVSEMETLASSSSHLTGNFSSSRIASLNLNPISKNMVSSKKSIESKAEVRSLACEANC,0
AARNKRKM,1
QQQQQQVQ,1
EVVLLMLL,1
SEAYLVGLFEDTNLCAIHAKRVTIMPKDIQLARRIRGERA,0
TDKGYAAIQRGDELGLMHAVAKHGPVVVGIN,0
LPRAKENLFIDTVLWCHEQNQKYPWTVEQLGAKAIMVCFGAAVAQATRLGQSDFDDLENQPVVTRTVQFVNGRLDLVVFQLNTLDLGSNSRCKNIVWIEPGLQLYKSG,0
AEKKAMKDPKFYIRRMNNETKEILKKLEKEYIPTKIEQIEEETVDELNAAHYSQGRVAAGLTSTTME,0
NGNKEPRGFGHIGIAVKDVYAACKRFEELGVQFVKKPDDGRMKGLAFIQDPDGYWIEIFNPHTVMIQLFSTTTASMLPIYLIILGAFTGLKGFKTCVDQF,0
EKVLQAGFVPFGEIVSI,0
KENQSSDGNSTG,0
RVIELALEHWHNITCLNFERRDDE,0
SDCYDQRE,1
VQVPSLENIEIYTAFEFYQVENITAILSIRASTIVERTNMVFSSDFTKIVSEM,0
QPTAPSAA,1
RNAAAEQR,1
SAVFISRF,1
QDLPRSHRFKRQYSC,0
INPYHYERVESAGILPPVLVPRYTEPPPQIIPRLSRLHTGPSASSMPCNIDFSHYSDAVMMSKRDEEMSANIIIPNGVTTIEVPYEERKFWATISYFELNTRVGEQYKVSSPTVEIDGFTDP,0
DLKQQQLL,1
KPGLGSGSGGSGYKPKNYSLPSGTPIVRINLARQEGMEGYSSKGGAPPPLGGSSVSGSTEGIHFFNTPRPRPSYMPNAAAWGSPAGRGWGGVPPPPTSRYPMPVPPPPPPMSLGLGFMPPPPPPPAPVPKMDLSSLLA,0
RDSKGQFLKELP,0
KNTLPSDNAIEVIVEVTVQSITEISEITSSFKADIWFSQIWHDKRLDFRHLNYCLTNLSLAAHKLPNLWTPNVCVVNSKKVTIHTSPSQNILLLVFPNGTVWLNYRVSLQGPCQLDLTNFPMDTQQCNLIFESYSYNSAEVRIVWRDWEPISIPD,0
MDPKIFIAIYGIVYLASEVVTEIDSSIEYSNMVRQVNMQSVIIDNLQRRLDKLLEEQNMQ,0
NLEEIRNRECSAKSMSKLSRQRRQSTKNDRSILLPQESR,0
GQKAIKMQSKIGKPTKNRHRLNDLNVDEMTESDTDEYQASDSASVSDPSDDTDEYLPSDASCTRRAFKRNYYSNK,0
MILISLTKTSLRDVENIVMLERFITTACPLYKNTAGKYRTTSGRKQMLTYEMAHRPHHIGVKKSWLTWHSQNLETFRQRQPIVIAQDEIICRFVRSFFPDYITVDGSELVIKRQGNCVRVAGFFHYRNRLNIREIYWMFGFTEEFLSILLKQPVKLEIQFVADEKDLAYNYIMINSFIVIFLSFLIFINYANLVYVEATHVYGRRSHSNGMHGNGARRAVAVLRGDAGVSGIIYFQQDSGGSITTISGSVSGLTPGLHGFHV,0
EVS,0
VEGIINIT,1
KQIDMQFPMDAVEGSRRARFDVIGDLLGSALANIDSLIRMPYGCGEQNMINFVPNIAILRYLKITKRAGTQIENKAKKYMESGYQRELTYRRDDHSFSAFGQGDKHGSTWLTAFVVRSFKQAQQFIFVDEHILQKSIAFLNAQQQQENGAFAERGEVHHKAMQGGAAEGGVPLTAYVYAALLENGVTDEKAQHYLEQHLPEIKDDPYALAIVTYVFHLANSSKKEEALRMLESHKKETADGIHWSMKVGQEKPKDTQHYFYQPRPVDVEMTAYVLLTYMIRDDTDKALPLVRWLTSQRNAFGGFSSTQDTVMALQALAAYAAKIYSPQLNVSIMITNGADK,0
YESTIQHGRRTKRKFIRSELR,0
YCDRKENACVIERKNRGELEYTYCAPEVCWRCAMKSTALLWFPVVRNSKGVAVWQESNRIKFPKGKSERRFAFHKSPAVYALIFTLYIFYARIRTDRDKNYKPIWARLSANQEEAATLPDRSQLTKYFFFNILVHKSVQIKTLVKEPPPETNDFYFQQTMLRIKDPRKTLPFYCNVLGMRLLKQMDYPDGKFSLYFVGYKP,0
VTHFSIDGDVLVTYIHWGGKYYPVPYESGLSGEGLVPGKSLLIFATPEKKGKRFHINLLKKNGDIALHFNPR,0
LQTTLGDIKIELYCDLCPKTCENFLALCASGYYDNCIFHRNIKDFMVQTGDPTGTGKGGDSIWGGP,0
SSSDKSEE,1
QEDCRSNDEELQKD,0
QVDLPVAD,1
QQQQQLQQEQQQQEQQ,0
EQR,0
ANREKMTQ,1
EEMDAKLFSKLRRRIRAMSIRLARLIMKNADKNDDGHIDKKEAQKIAFEQEGISAGDVNEMIMSVDDNN,0
DLKKNITV,1
HYNPYGKTHGDPNDRIKHIGDLGNIVAGANGVAEVYINSYHIKLRGPLSVIGRSLVVHENPDD,0
EQIEEETV,1
TGGIMYRNPAANC,0
ERQF,0
CTARNPVG,1
PGQDADGGNRGPSGPPGPQGPKGPRGPAGPKGPPGPPGNVIEKAMPPGPPGPVGPPGPPGEQGPPGPPGNPGQDGR,0
QVQ,0
APSDDFYR,1
GIKI,0
EWKYLKPRTPFGHVP,0
QVFGKEVSAKLNDFSGSKDGKVQPELILTEEEKVARKTRSSVGNSYESNIE,0
KECIVDKKGEPICECISKCPSLDDDPLDQVCSNTNETFPSLCELYRERCLCKHKFKDCKNKANSKVHLEYLGACKQLEPCTDELMIQFPVRMADWLFQVMREMKKRRELHNLEWEELIAEAESDDEKKHVYPVIWKFCDLDIKPHDKHVSHHELIPITAPVIPMESCIKPFLENCDVNNDGNISIMEWGKCLGLKEGWPFLDDKYYCIILAKQ,0
NDDINVWRDKAGFVIRDKVQLCELTIDKNEFQKTLKTVGNVKISKFDGSQMGKLVRFDKAVSNADRKSFLEYLFRDANVLIAENEEISTVSGYGVFRKDRILAVYANTKEIAHAIVQKILRAVNHDKITLCTIRNRWNIEQKSDICCRQIIRLHTRALPLGIVWDRIFVLNVGMNLIMNGLMLNIIIFFTALEIISGDSDSPRNRNRAAPKSVRYYPDDDPLFPPLPDYEPGYYPRRFFPLYYYYPHSPYYYGRYPYSPYYGRYPYSPYYPYFYGRYFYPSFYGPGFRRGRHGYGYLSYVSPKRSKMVRRRMASPKPSPPVHRRASSPMSARSSPSVPMQTRQPTAPSAAPPAQFGMAPPSRGPGLMGQMAATAGGVAIGSAVGHAVGSMLTGGSGHGNQDG,0
SPKMREIMVNYATSESEAEDNITVESKSSAEQ,0
VPTSPTSYLNSPEKKSLLRRRQNQSFELQEETTN,0
QHIDDDGD,1
APVEESAP,1
PSQVTVEESLVPVGSAATIHCETITQQYSLDWRKNLQPITQNERIEKKDTADGFEHSLTIHSVRKNDEGEYGVVIKDSYTVVTKISVIESQEQIATEDFDISLHPTPSLTNEAF,0
FNILVHKS,1
LFDDKSMMLQETGINNA,0
VLPCNLCVTDIGEQWSESTHKMMRPSMTYTLSETETEVSSNVHITHASESYDHYFSSIQPETLVLGYSCLASTSKVHDDSVIITRESVQKVIEREQEVPEA,0
NKSQFFITFRSCSYLDGKHTIFGRVVGGTETLNAIEKIETDESSR,0
RGIFVTSV,1
IRTATTND,1
IEGVEKKGESKEEKKENKEAK,0
NVADLLPN,1
KDGTTKKFISKNVKSKKHNVRLISVPGGGISKAVYFPIVPTKVGDVMLSVTAQSAKAGDAVEQVLKVEPEGYRVDRNTLVMIDLTQK,0
MSSAKSLTQ,0
GCALDKYLLNNLEYPTDLMAGQEAHVYKYADRSQLFYQCQISITIKEPNSECA,0
INRKQEVATMQKYAIFNSVTSNTDPIGVALPKTAHVMQIFLAFYAVINFEESDANFL,0
QHYLEQHL,1
STR,0
DKITLSNFGEPQSNSFSLNSLQDSQEAVPIPPPRRLRGISQQSFPPPIPPPRLKRRSKSCDNYKNLLILSCTSDTQNSLSPMHQNMTTN,0
FISPPQTLFVMEGQPSIISCQVNSANQKVEWCK,0
VTSEKIIEITEKRHK,0
AALKAITT,1
NADKNDDG,1
NVKLIGLSCDSADSHSKWADDILALYKMKCVGCDSEKKLPYPIIADED,0
AAIRLLHK,1
SNSKGYFIIYGEECEVGGIEPYLRITHNCEDGALSENCIITDDFPIPTNKIGSVYNMGIVSLNIARKNHIKNCRMTLAGSKAFIGQPAPNFKTTAVVNGDFKEISLNQFKGKYVVLFFYPLDFTFVCPTEIIAFSDRISEFKKLDVAVMACSTDSHFSHLA,0
LSAIRQYV,1
IVPVDTNGLAIFPRDANGRFIFPSGPDGRPTAPINIYGVPVMPLDEQGKPVVPYDASGTPLIHLAS,0
IESIDDGDEILDDLDDLMVICNPHTDVIDGIDLLSTIMENSKSSKVANPFMSMSTNTVISVGIPDIDIPTTSQDVQQIVVEDKKQSDITTPTLESSLERKNLTAKTVNVPF,0
VGQSGDNGETGPVGKEGPVGPPGREGIRGVPGASGEPGPRGPIGPKGFMGAPGNAGSPGA,0
AIKMKTERMTFNKMNDVRTVTVRGENCNRKHWIIKTWER,0
CPVTFRVFTPTSHIVTICQTGNVYSLEAIEELNLKPGHLKDLLTDEPFQRKDIIVLQDPNHLEKFNIEQFHHIKLDLK,0
HIGTSVVR,1
EYVVESTG,1
DQMMYAEE,1
MSAIADSPHLTTRQKSQQIQAIMDSLSESVRREIINALSPQEMINSDLDQLARLNE,0
RNGGAAAASRQVAAFRVLKKRDVRDENVVDVRT,0
DGIIFDLT,1
MFFRESRTSQFSGALIIVKNADEKNEN,0
TRSD,0
PRNMLLFA,1
VGFKVGGNTGIQYLVLQVHYKKKLGPDYSGISIESTVGLLAKRASTLLMVTGGKLPPKKRETFETACIVDEDIEIHPFAFRAHTHRHGEKVSGWVVRENQYGQDIWELIGERNPLLPQMFESVNKNITIRQGDVVAARCVLN,0
SNTKKQTNDYKSDRTKKKKEKKRKKERRNTDTEKSDVMKKASHETLED,0
QLMCVYMGSLVRTVIALHNLIDNKLSLQKNERD,0
GSF,0
TETSITIEQPTFIEHAEILYAIMQ,0
PSSASLSE,1
ELKNRLASKYLSNLLKQHEDSSSAPAVAEIGEQINVLSTFTTKRGALL,0
GILSMANQ,1
DELRKIANQIVTPGKGILAADESTGSMDKKLKPIGLENVEENRRLYRQ,0
YHMLDQENKFIKLRSDGKVIYNRRLTLILSCQMNLIRYPMDVQECFIDFASYAYTTSDIIYKWDRTAVTIDKDAKNILPNFRISAFENKSCDSTTNTGTYSCLRVELRLSRVFSFFLLQLYIPSTMLVGVSWISYWIDWKSTAARVPLAIVTLLTMITQSHAINSNLPPVSYTKAIDIWIGACVVFIFASLIEYAIVNYVGIFDEHREIRAIVSNKTRLNNVIENDLLFSSG,0
YNQLFQHMLKLEEEKYDINQAVMAKDAEINELTIAVNDLRGKFVKPTLKKVSKYDNKFKKMAGQKEDKQDFRANLKVVKKENVIDDIVNKQLAKKTDKPEWSKKGAEKAEAEEKKQEAPVEESAPPEEVAEDEAAEEGDEGDEEAEEEEE,0
ANINVHPSLEESYEIISETETVPAERPPRIVSPLQSSVFREGESLELRCRVDGLPRPEIFWTKDEIRIDDSVITRQYPDGRYELISPQCAPKDAGLYQLTARNIHGITNTSAYIQIEKGEIEETTTETKDKIQMIHRATSEPRFKKVLSKQYENEVVVSCEVISETPVRTSWYKDGQQLYQTYKYRMQKLSDNTHTLTICNIDRRDEGTYTCRAENTYGSSETSMYIRSSARTPEIRKEVLVEENESEVVGLQDNTGYVKKKYTDTTVKVLVGPTVSGSQEVYSHTAEIRKSEEEYKLLVKVAEIVASKLVAKVVIDEAIRIALRRMNKEVQSSEEEEFESVCEQQSFPPRFETNIECNVVDVGDTVVLRTDIAGYPQPHVEWYFGEQKLEQSEQINVKYVNKQATLTIKKVEKKHEGTYYCLA,0
QPGAPGVPGEKGICPKYCAIDGGVFFEDGTRRLQEQVAMSLATNFPHNKKRTLYVG,0
RRVQDQEIRDLQAMAARDTTS,0
ITVESKSS,1
MEQQQAQQ,1
TFCAVVHSCFVD,0
DD,0
QSDE,0
KIVGQNNKYRSDLIHGKLKNR,0
MPYAGDEVHLYIVLPQKQSGLVDIEKNLTGKKLLHYMQSCSEIEVKVEIPKF,0
ADGGNRGP,1
NFFTTEAR,1
AARKSAPS,1
DVIFLNAEIFVDPFEEAE,0
ARLSANQE,1
GPSIVHRK,1
AGEIEADVVAAFVEVSATCPNQNIELVASISLPLSAPGIMDITRSSQPHLEPSSASLSESSSTGLFQAPKFVKTLENMTAIVGQFHQFKCIVSGAPAPRIRWYVDGDIIRDSDVYQTIYEDGVCILKIQELAIEDEGEYTCEAVNDAGQAITKCFLQTITDADVLKYQQQAIFKKILYSNGGS,0
KDTVEVVAVNDPFINIDYMVYMFKYDSTHGRFKGHVSAEGGKLIVTNGKTTHQIAVHNSKDPAEIPWGVEGAEYVVES,0
IMYRNPAA,1
YAVRQSSIEREIRGTSLCALRQVGIIDKEEIRRMTPLTSNIKEQLQS,0
KPNDQTLKELAE,0
KDSRGVIQTDEEGDKCESPKQEVNAHILQRAIQKLYSDPSFAVICSFFNKFAVFLGLKPQNFAKMENMFTSFHITGRVDRDLIDLHLMLMRKLTFKSARLEVWEKYLLKFCSLIPSLETEYLQLERYGYLHTTVATKLAILKTLCESQFDFNIKFKESLLNSCAASDLRLLPIGYDKEGLAYLYQQDADLVIRIYSAEQDDHSGGSWNLVAKCKEE,0
ELHSGNRLQLDLCCNYTKPNSRSNMAVAEVDALSGFRFDGDQLSGLMDISDLQRAELDKEDTRMNLYFNPIGSKPVCLSLYSDMVYQISEQKPAQVVLFDYYDPEQQVKTTYAAKQMRSLKDACP,0
AHDHPYVKLCPPNTFFNDKIKVCDHFGECDE,0
EVTAIEPYLVIKHSCDNGVINPACTITDEY,0
DKKTWFLDMDYLESMYGMFHKVAARERIVGWYHTGPKLCQNDIVINEQLKRFTCNPVLVVIQAEPKDLGLPTEAYVEVQEV,0
YYNYAVAWQTGIGCNIAGFISVFSSEISIMSMFLIAFDMCYNVRNAIYGKRLRMRIAIMMMIVAYIIAFTMALLPLLGASTYTSTSVCLPLSIEDNFDRIYVIASLLFNLLAFLGMAISYSFIVTMLCDPDQPKRSEDKAIILKMATLIGTEMLCWFPTLFFGFTAALGHPLISISVAKIFLVLFYPINAFTNPFLYVFLTKIAHIRPCFTSILSKTTNSRNESKSLPSS,0
MGKVSNLRFNLTSTIATGSAAQLTVYKGVGGPQQQILSKAYNSYTASREKKREGYDRIDPDMDLECRIKAYRFVAYSAVTFSVVAVLSVCVTLPMVYNYVHHVRQQMHNEITFCRGSAKDIWAEVHELKNIPVAKNRTARQAGYGVEDVGVSGGGGQVAQAGACDACCLPGAAGPPGPPGKPGKPGKPGAPGLPGKPGKPPSQPCEPVTPPPCKPCPPGPPGPPGPPGPPGDVG,0
EFEPDEEE,1
VNGLKHYLVIHDTQADDSASYSICIN,0
LTEEEKVA,1
ATTNDESVVLSPFSVVQALTMTYVGAEGETKKQMSNVLTKGQGRQQFNKYFSSLLTDITKKKGKYILNLANRIYIQQNFDLKLAYLNIIKSHYDGQLQQVNFTQEDAIDDIITEINKWVMQQTNDKIKNLISQSDISTDTKLLLVNAVYFKGNWKKSFNKKMTKKKTFHGDKLKEMEMMTMEGYFPYYEDDDVQV,0
GIN,0
APIKLLATSQMQ,0
DFQQIIFDDD,0
MAPPVIHGEPKIIQDTKTNTVRLEVIVSGILPEKTKWLLGDKEIEPTETYVFSQHDEGGKRTLLRCEIKNFDKELAGSYKAKFYSSGGEN,0
GFGTSRRETTKICDSAHPEYDPESSIDSSTIPSQMGSNKYASQKGMTGFGQPRWEVLDPSISWQNRKSQGMVRLQSGTNRFASQQGMTGFGTPRNTTYEAEAGELPYEDMKKSETVIPSQAGWNRGDSQKGMTGFGAPRDVKGKHLKRIWELEYPEEAEASLDRL,0
SED,0
FPGKKPWA,1
NDANKPWD,1
KGYAYMARNKGNMCHIATLASIPIMKFVILLTIGLLVVAAIPQRR,0
PTVIHGEAQKSVIQSITPSYKSIAEKQVQKLDFGSDMNLPEAVGDYKVKETQDHFKLKIIDPKITSNASIPAHHREIPRIQRRNLDFPSEHSKRSFLKLEPMQQRKLRAVETRPVTTSAYLTESLDRHRDMEASRLKDYLKARE,0
EYTYCA,0
KAI,0
ANLPSQAL,1
SADKSSRS,1
GSLSNGRYGSSLSDSLRRGELRYNPNGDIREVHHSSSGRNERIHK,0
LMDVQISVMPPSKPRENPFKSIFRKKRQDFSGLPDYCHCEPIKITCPPGPPGPPGEPGSDGPPGPPGPPGEDNTVTYAPLTCPPADTTCIKCPAGPAGPPGVDGEPGPVGPDGPPGLPGPAGSDGKPGPPGPVGDAGAPGE,0
SESEYEPSRKKSHKSKNTRKIKGKRKREKWISSEEDSISELSDNYQSEESNSSGDRRARRRPVTKWAPRASSSDAEDSSHSVQKTAAGRPLRKAVAKRPSLTVDNDGDEEEEEDEEEIEERLKNVRPIGTGRKIESSDEFEPDEEEEEVEDEEEEVEDEEEEENEE,0
DPSGVAAI,1
TNSTLLMEKMDMILFIIFPAIIVAVTGHDCHRGKLTSLQRDIIVDEHNKYRSRLVKGNFAN,0
QEMQQQQQ,1
PISMTLEGTPDRDTIFKELRSRAQMQQQMLQTAIPIMSPLAPSVVPPAQISSDEIFR,0
DCGDLNHAVLLVGYGKHKTYGEYWIIKNSWGTD,0
RIDLTSDHI,0
VLSF,0
LTIGLLVV,1
CKNLKEIT,1
TCYHALNHELVEANLMVETDYKTLAEQSLCLFAKELVEGIINITYEH,0
PIEQKRYALSTLATIELTHNWGT,0
SADKSSRSRSYYDRSKSRSE,0
ISTYDDAL,1
VYDSTFAGHSLADVPLPKGVQMTVDVTERAEKTAVPGIRTQEACTSAKIDLVDRDVRRKKELLKRKWE,0
ADTFPRRP,1
STHKMMRP,1
EELKKLPP,1
QPSVTNLT,1
NNIEPYLIIVHSCDGGVVNPNAFPILFQIADLLLNSIHILPTSKYFLQGCGDRALKNVLVELYEDDTID,0
QANSTLPVKENINISKKANSEQNEEMVRYKDEQEESQIPILPQKITKEKQEVDILIR,0
QQQQPIMMPIKLMPPQMI,0
CVEEDMPE,1
ILADTNHAISKAYGVLKEDEGIAYRGLFIIDSKGILRQITVNDLPVGRSVDETLRLIQAFQFVDNHGEVCPANWQPGSE,0
LLDGVTTPATGFGIRSYLHQFYQSPAVEDIESAGAWYLLPPPPAQRTGLWLCRVLTVFGLILLIGGAVAIVIGYTWPHEGVEESIARIAIYQDEDGSFYVPPEKLTEILKDPMRRWKMFGLCMFATGAVMLALSLLTPTLVGSFKNKRLAAFMSENSTPNEPPIRLYPAISGKNEMIRHPSNNPH,0
PLGTYCEERDIVKCKSPPCQPILACMPDNTKGCKSHPPCPAGQVCAEKLVSCIGRSCRKIAKCVLPGTCEAMECPPSHKCMMNPGPTCVKTILSAEDIVKMNQHMHEAKIIALVAAACSAMAILSCVLVIPSLYNAINEVHDAVIDGVQVFR,0
RKKELLKR,1
IFSDDLVQ,1
LPGKPGKP,1
GESHAIELLLGGRFGLLGTNDWEEAKIMAVVLNIDELFQKLIPWTHEKNTTKKAELFRNLSESDVMPFLGRYEKFLKESTTGHIVGNKVSVADLTVFNM,0
ETIRMKMRWLKEKGYGGAFIWTLDFDDFKGTSC,0
AEDEAAEE,1
KKLHSKLDTCNSFTT,0
HEQIPGGYETYDREVK,0
VKLEE,0
HLKGGAKK,1
ATKFGLAMESKYPYVGTEQKCKWQEKIAYATDK,0
PTDE,0
DFESLISRTKRQYPAHCQCSAPA,0
MAEEEEEI,1
NQLYLKTS,1
VLMIADTFPRRPVEEMPEQTAEEITEPTVSANIA,0
LSWAQQSN,1
EFGTVKKTVQSNRIFGD,0
REYLVPLGSTATIACELENSDEVQELV,0
FGGGGGDTVAVVCCGATGLKGMFRNWWLHIPLLLLPMSMSWIKALFL,0
TFRKFMALLLVRMLIFWKSLKPRHKVIRSSEVVLLMLLMILTITDFSRAWRQKRKSCKRMAFNRHTTNYRSWREQMTVCELLDNYNPTVRPSGKMPNSDQKGPVIVWTSLEIRSIGAISERNMEFVAQFRFQQEWFDDRLRYTDHSDFRNFDFIHVAHDQILWIPDTF,0
PIVKGEIADITVINERYSFQIFFNGVRFTTFAHRGSPDDIKTLEIDGDCEIFSVTVNNAIGIMKFENLLGQRGTAVAKRLGWKQGDEEESWSKKAIDSLMKKLQKHNKEALASLEMALQCQGRQRTDCVTIPRSLDGRLQISHRKALPHVIYCRVYRWPDLQSH,0
PQGPVGPRG,0
NDI,0
VNNDKYDK,1
QQIDPLDA,1
DEQRVVAAKPKITETVQRVEEHKRIEEIERRVQRKEKKEKKHRSSHRSYHHRGGGSREAY,0
YDSNESNLRMAIFESNELMTEATNRKYEQGLISYTNGLNHLADLTD,0
EVESGAAA,1
AEEGSNGN,1
YFPHFG,0
EIHKPKLLKSSTKLRDD,0
AEAESDDE,1
EIKMKSKDNEKVFQIERAIYEISEQIEKIERRQ,0
NFIPYTGYQYNRGAHSSLFPRDSQGRFILPTNACGEKAFPVDANNMPIFPFDTTTHLPTFPVDENGQPV,0
PNTPEIVRNFIHIKSKLIRNALAECVGTFILLFIGTSIIAQLHLSHGTINSWVQINVGWGFAITISVTSVSHLSGGHLNPAISALFLSMGMLDIVSFVVYIIFQHIGAFLGAAATYAVYVDAINDFDGGMRAVIGPNGTAGIFSTYPQPYMTHFGTYLDQIAGTGLLAFCVLMIIDPRNKIPSVAHPLLFGISLLVIGCGFGMNCGYPLNPARDLGPRIFTSFIYGKEVFTHPWPCWWLVPIIAPTLGALIGGWFYLILLGSHVPDEMSKADMSETGD,0
EAHEEISK,1
YNPTVRPS,1
IPSVAHPL,1
DDDFMPLS,1
FGA,0
QKFEDPEINTNILSAIRQYVDEL,0
LADLTDEEFKMMNGLRF,0
NLLKTDEN,1
DTTTHLPT,1
IISEMFST,1
KANMVDEI,1
VRSRNGGA,1
GDYAQFYNLVAKNN,0
NIRTEQGGVRVWVYRVICPNVYGISDG,0
SAQHLHASSNTKARES,0
